path,bytes,sha256
artifact/BENCHMARK.md,2433,8bab06c874266b31b5160142af6e9f518c3470bdb45753a3f2c19d3b257c6d5a
artifact/EXCLUSIONS.md,1415,82c5521ade80b73ec62ad96166ab2bd00af5ec7e0624e8589a641d89dcc278f7
artifact/LICENSE,1074,1d0dde41ece0f9620937f1a81a67e295ace0eae180c009d862006e8f3b288458
artifact/METHOD.md,3558,eb07340545f974e9514644c0272754a1770d5e514c3452bc9c382528c6b940be
artifact/Makefile,943,f00651b996412b7a5ef809ba92b583c558ceaf5bfe869e1b6cd499dd381cd8ba
artifact/README.md,5618,c506b7f762297ccefa8ebb35120a93f6985349bee57225c5c22ba29d5fda3be8
artifact/REPLAY.md,2906,47ae1c7018ee9a3e3d01e345b70355553928bc19f496193910c5cd10269ba206
artifact/USAGE.md,1232,48ff19a3c93667270d7d43f47fde8fc848cc2b1c950ddf796af27239ece85da4
artifact/data/corpus/README.md,931,c8ef30c4d3c1ec047b93f1a4ff3121b85387ed12f4a8a14d5e429184288a8da1
artifact/data/corpus/ledger.csv,10707,32283228a10e8a58d96d84e5197f0ccfef2bcecae3ef5b7b01fca3bd8a5e41df
artifact/data/corpus/screening_log.csv,9514,9b7d32506622e6afad3f2eb2cf4ffd425685e68d488a2075416c48472c0d4ba1
artifact/data/corpus/subjects/pdm_bischoff_m_game_of_life_pygame_f68e37d/LICENSE_EVIDENCE.txt,384,3754410f3109ae720af557fc4f84430718aca450c60c6beb604473d48082578d
artifact/data/corpus/subjects/pdm_bischoff_m_game_of_life_pygame_f68e37d/PROVENANCE.md,396,c6b2833328b17bbbc1d9bf86d0c7a128e5cabe2534de10b7b4536fcc47ec163e
artifact/data/corpus/subjects/pdm_bischoff_m_game_of_life_pygame_f68e37d/acquisition.json,812,68093e25ac8dcc0c5b76ff5e7a654a3341db49c1a754bc26f420d865d392aa64
artifact/data/corpus/subjects/pdm_bischoff_m_game_of_life_pygame_f68e37d/pdm.lock,3346,cf0df20c8823b5316dc8a7561aa0f2d14b0bc53c7dec732c43d78879ee19f321
artifact/data/corpus/subjects/pdm_bischoff_m_game_of_life_pygame_f68e37d/pyproject.toml,407,3d1ffea7802f80b41d4ade3b25da15dba5057f9354c639c88efa7fdb4f3c144d
artifact/data/corpus/subjects/pdm_d3x_sd_parsers_0949676/LICENSE.txt,1062,1142517690bd3e72c1348ba3559ab9cd880e8b5bbeab3a9749e63ef880d9ef0a
artifact/data/corpus/subjects/pdm_d3x_sd_parsers_0949676/PROVENANCE.md,349,0aef8e02d9f08949559ea40a33858bd547aa8064bbb1eb8f5aacc6c63dcb0006
artifact/data/corpus/subjects/pdm_d3x_sd_parsers_0949676/acquisition.json,740,a71e45f06bb63869521bf91ea697b9cda9b7a80860de42f3a30167e80bcf6e55
artifact/data/corpus/subjects/pdm_d3x_sd_parsers_0949676/pdm.lock,22204,dab07b413c2b994cd192068ee2f985ea3e7e2c9a2697d1070cb744a544e3cb4c
artifact/data/corpus/subjects/pdm_d3x_sd_parsers_0949676/pyproject.toml,1303,6aa87b2dabc185b38edef075b2be667b5eb98611000b9621538d4acde836f41b
artifact/data/corpus/subjects/pdm_project_pdm_ad49b1d/LICENSE,1075,9db7ebdae98d7719291030f5b26bed1e798cf9dcbd1850d498714d859908f220
artifact/data/corpus/subjects/pdm_project_pdm_ad49b1d/PROVENANCE.md,338,4231fbd0a55ee76ff39fddd83c2057b35b41fcf429a6cc405bdfc30dd546bba2
artifact/data/corpus/subjects/pdm_project_pdm_ad49b1d/acquisition.json,722,3342bf7b523385805ff5d4deb5951784803d14298a276c815e6bd21e6dcf3369
artifact/data/corpus/subjects/pdm_project_pdm_ad49b1d/pdm.lock,142069,19225f7ef1b1f41f418b5bf47d5aa42187c6a98362b8206af0bd6ac5a3ab63f6
artifact/data/corpus/subjects/pdm_project_pdm_ad49b1d/pyproject.toml,6428,c439bdf08572312411019e39a00a207447422a4e656874e9532ce1450edb719e
artifact/data/corpus/subjects/pdm_python_validators_validators_70de324/LICENSE.txt,1091,43f5c5d4ed194818baae8b6e2d2d09e9630752392efaa4b3f8da673d9a1a844a
artifact/data/corpus/subjects/pdm_python_validators_validators_70de324/PROVENANCE.md,340,f663237e00cd819c5b60f078ea295d319529affb60a105343ef9d71d0575e762
artifact/data/corpus/subjects/pdm_python_validators_validators_70de324/acquisition.json,745,7433c1d77178f988ef56d6a773d92763def0fe8c2e9d21e849499f62a9d787b8
artifact/data/corpus/subjects/pdm_python_validators_validators_70de324/pdm.lock,94982,00c9e02579db4e121222fcd19e80e55f7f156aa725efb8df07d5056aedd65fe4
artifact/data/corpus/subjects/pdm_python_validators_validators_70de324/pyproject.toml,4321,8bcc2fc3abc7b04a4a4a794001be59aeaa07172dd34a787a889d444f93bedd1f
artifact/data/corpus/subjects/pdm_road_core_service_9d65d15/LICENSE,11357,c71d239df91726fc519c6eb72d318ec65820627232b2f796219e87dcf35d0ab4
artifact/data/corpus/subjects/pdm_road_core_service_9d65d15/PROVENANCE.md,336,c5899a6387b29080ce4dbb09db6e33e7120781d157a854b2ba2f92c412af3d2b
artifact/data/corpus/subjects/pdm_road_core_service_9d65d15/acquisition.json,726,4f869e37476f20679f07a1a99507fa72201d28999ecbae0b435a493f1275f3b2
artifact/data/corpus/subjects/pdm_road_core_service_9d65d15/pdm.lock,296132,02a73db15778078284fe80e6cd1f6f16089e9daff5edb8b84a817fbd3af2be1b
artifact/data/corpus/subjects/pdm_road_core_service_9d65d15/pyproject.toml,5693,0ce733e7e683059264fb4fe67854976a21676a1928cf34820b8e3ed329bde9e4
artifact/data/corpus/subjects/pipenv_gillescastel_inkscape_figures_02deea6/LICENSE_EVIDENCE.txt,202,72abd55289cb3e79b18385b04927548e82f86c4053ad1753bd92b039f75ff66f
artifact/data/corpus/subjects/pipenv_gillescastel_inkscape_figures_02deea6/PROVENANCE.md,364,4c3ea30aa8c43d6f641afff9ccc50578bb2fbae881906a37fafe9f941073e330
artifact/data/corpus/subjects/pipenv_gillescastel_inkscape_figures_02deea6/Pipfile,194,eebe3c2533dbdaeafea5fd536ae108a92ecb102d1be8cba58fb37e338b007dfa
artifact/data/corpus/subjects/pipenv_gillescastel_inkscape_figures_02deea6/Pipfile.lock,1687,6d90ce9a2dad0157c17b16d771c3c32d231b882589f005b78e186c31942d142f
artifact/data/corpus/subjects/pipenv_gillescastel_inkscape_figures_02deea6/acquisition.json,782,7d26afc717e6bfd4cac87426e8b3407e9a5c643c7dcc2b449b75cd98d953dcd8
artifact/data/corpus/subjects/pipenv_joshfinnie_papi_fdf0551/LICENSE_EVIDENCE.txt,167,c4f83a357adc5bd8f0e5ded23a0b6dd2f4d642c639b2e93759b654367371cd56
artifact/data/corpus/subjects/pipenv_joshfinnie_papi_fdf0551/PROVENANCE.md,350,2176f4e7e3d3098dff39c8abb8e54c1fdb5cbc39b4f188d0582e653795bafe0b
artifact/data/corpus/subjects/pipenv_joshfinnie_papi_fdf0551/Pipfile,165,9c32d9bfe6b9d2cb63a120848e3eebe897dbab253ad8854b1acecfb5b7a35643
artifact/data/corpus/subjects/pipenv_joshfinnie_papi_fdf0551/Pipfile.lock,1085,d3b3ed1f7ec5d4d9f04747d63483da6fec73f93d640860b5df6efd09070bf1ff
artifact/data/corpus/subjects/pipenv_joshfinnie_papi_fdf0551/acquisition.json,754,6335491a9b2545cb160be7ae09b6f986cda054a0a478376ed11d306a33fa3be5
artifact/data/corpus/subjects/pipenv_lightrush_cli_template_ea2ceeb/LICENSE_EVIDENCE.txt,187,2d9ed3f371d5f6fddbf70222de8e50c74ffd69f92c392c692ee693c76e72b7d6
artifact/data/corpus/subjects/pipenv_lightrush_cli_template_ea2ceeb/PROVENANCE.md,364,d8164dcd08aaa2ff8f9e7c8a8dd069dc69e19e6d4be5f60ed4f89b698b7f7aad
artifact/data/corpus/subjects/pipenv_lightrush_cli_template_ea2ceeb/Pipfile,157,888162f78d97893671ec23cd25b7bd7dbf165402f52d551def3f3e7b6c754865
artifact/data/corpus/subjects/pipenv_lightrush_cli_template_ea2ceeb/Pipfile.lock,776,233b99cc0bceae74bde408228912414efbce82d3e1d825e09da44d501251b7ee
artifact/data/corpus/subjects/pipenv_lightrush_cli_template_ea2ceeb/acquisition.json,775,f3cdd27513865f8df983c42b57818ddf4eb48bc898d0aa403e85881d28d8b1a8
artifact/data/corpus/subjects/pipenv_tateishi_ledger_parser_ec80021/LICENSE,1075,65d8a5391f00ef72c5ae1a5cb65af13589315f114409c8a073b7c464536795ed
artifact/data/corpus/subjects/pipenv_tateishi_ledger_parser_ec80021/PROVENANCE.md,348,53ccd4f992ec4087d24325dd0d8795629c4b1f779f201458d2036c00e713eae3
artifact/data/corpus/subjects/pipenv_tateishi_ledger_parser_ec80021/Pipfile,229,7b84b835ee83ddd483ef57cb5ee3b3dd160b5ed2f04971ef4a62a7bc628024d9
artifact/data/corpus/subjects/pipenv_tateishi_ledger_parser_ec80021/Pipfile.lock,9757,ef42dad0a5e273734d4970f2ea7e6a6cba93e34d50d38bbddf715e26134d50f7
artifact/data/corpus/subjects/pipenv_tateishi_ledger_parser_ec80021/acquisition.json,746,41022d93ebf8af8c3c17c113bccb5e876356d3e163a9eee220d8743cc0245026
artifact/data/corpus/subjects/pipenv_zarmory_good_8cc60d7/LICENSE_EVIDENCE.txt,171,7679077128847aa2d018b3c2c3f40c3a705e3db6b97bb81a19cb5cd85c855285
artifact/data/corpus/subjects/pipenv_zarmory_good_8cc60d7/PROVENANCE.md,350,08962e59c2fc134a726835a68f58d9178ae12d9a5545714a8448e8005c6efb8f
artifact/data/corpus/subjects/pipenv_zarmory_good_8cc60d7/Pipfile,160,057541a403c1a0eab3b3efb0a498055ec80095b8fbf9b5b9462fbe74b320e4ef
artifact/data/corpus/subjects/pipenv_zarmory_good_8cc60d7/Pipfile.lock,688,3f378020f3c76a13cfe0c600a8be7a73565531f706620b8bede43782fe17ec1d
artifact/data/corpus/subjects/pipenv_zarmory_good_8cc60d7/acquisition.json,751,c0265d6c9901a0cf6bae768f7ba9cdbe21108190159e6fd84caa28635eaa3b84
artifact/data/corpus/subjects/piptools_briancappello_flask_react_spa_b9e4c4b/LICENSE,1071,529ef0bf47ed35fdc80f92f31c7dab45c5d311f69570e040ead190c2837acd47
artifact/data/corpus/subjects/piptools_briancappello_flask_react_spa_b9e4c4b/PROVENANCE.md,352,6a938e89f9c17e3e80c9410c2d7061300420e2cdea08fa87969fc2f29270b368
artifact/data/corpus/subjects/piptools_briancappello_flask_react_spa_b9e4c4b/acquisition.json,759,1f3fc1feddd63b2bb03944f0de48867bd933c38bf0bc0346634a2e19b0cdcaee
artifact/data/corpus/subjects/piptools_briancappello_flask_react_spa_b9e4c4b/requirements.in,576,a0893ba1e2363f7451404ded20e79a57dc44db5c87489a7e495efd98916b5f73
artifact/data/corpus/subjects/piptools_briancappello_flask_react_spa_b9e4c4b/requirements.txt,2106,a78acf7ebd47a246e21cf230e4c7668a3e03df0dad388c39e9c0fe6902b80214
artifact/data/corpus/subjects/piptools_dallasnews_django_datafreezer_982dcf2/LICENSE,1068,a77754255992dcae7ccf1c1e7c7bc0954903ef79d2409f28d3b0967b97eab41c
artifact/data/corpus/subjects/piptools_dallasnews_django_datafreezer_982dcf2/PROVENANCE.md,359,a7dfa4f51bed57ba85da220fc5c9594fa97daa5c3f543acdd67fe173b2855042
artifact/data/corpus/subjects/piptools_dallasnews_django_datafreezer_982dcf2/acquisition.json,766,f5a79297b4f39c5e79a2feaad9eb47492cbdc4bba6c84820b488cf6b1d309cd0
artifact/data/corpus/subjects/piptools_dallasnews_django_datafreezer_982dcf2/requirements.in,68,c1ee574e8d3729747167cb09c4d681f75d098fb07ded85119fcc8676aed4bfd7
artifact/data/corpus/subjects/piptools_dallasnews_django_datafreezer_982dcf2/requirements.txt,215,9e287e64d6123cb148861c1d17d9fda76ea76bcd30a1955484f47930e8b5ae6b
artifact/data/corpus/subjects/piptools_external_secrets_api_docs_efee255/LICENSE,11358,cfc7749b96f63bd31c3c42b5c471bf756814053e847c10f3eb003417bc523d30
artifact/data/corpus/subjects/piptools_external_secrets_api_docs_efee255/PROVENANCE.md,391,fdf1422109a6661149c84128f669549999ac53e7eba9b3a392f338fc2c6a25bf
artifact/data/corpus/subjects/piptools_external_secrets_api_docs_efee255/acquisition.json,794,af88f72c1eb50bcfb6cac60e86c83f15a3bdf035055d7b0e8bdd926cd04c4f5b
artifact/data/corpus/subjects/piptools_external_secrets_api_docs_efee255/hack/api-docs/requirements.in,446,ece9eac338850532944d7237039d2efc9d63749c91c642d5d858290add96570e
artifact/data/corpus/subjects/piptools_external_secrets_api_docs_efee255/hack/api-docs/requirements.txt,2153,acfae2a1b6ff4cf73579c0c54a3bcdaed0e09a88e95b5806e433c01e8894ef47
artifact/data/corpus/subjects/piptools_jeremylow_himawari_bot_f015860/LICENSE,1077,fd01a16a9aeb24a1a1ee44d2c5c9eea1f51dce569a79d40f51b07954217e10b4
artifact/data/corpus/subjects/piptools_jeremylow_himawari_bot_f015860/PROVENANCE.md,345,2c7e1badbf1f92832cc745af0c5e64672119a9fbdaffeee55c445bf4038d2142
artifact/data/corpus/subjects/piptools_jeremylow_himawari_bot_f015860/acquisition.json,745,17aba756dbe726555900a4768963bfe11bdd633908c18504b88c1cc7bb7f8b39
artifact/data/corpus/subjects/piptools_jeremylow_himawari_bot_f015860/requirements.in,80,0fa727a117dcdfd286231dde5c80dd0d763d0ae37e827c128cd1519fc720e3a7
artifact/data/corpus/subjects/piptools_jeremylow_himawari_bot_f015860/requirements.txt,450,2fc261e0f03ee8694b5e0765a25fc86a2bc26d9e22300d8b9203c9d8b879de94
artifact/data/corpus/subjects/piptools_kiwicom_konfetti_f80d175/LICENSE,1075,d111aba5be4447ea30a048bdf8cd5c7462121f5c07ffa6b33cea2d19ed2df687
artifact/data/corpus/subjects/piptools_kiwicom_konfetti_f80d175/PROVENANCE.md,349,b5bcb4965c5138b4610b8fc79955d8e5f0f68f950108b796ad0d9343f0eb93c7
artifact/data/corpus/subjects/piptools_kiwicom_konfetti_f80d175/acquisition.json,743,54b4e96bec27c93d7de6d6b728a8a17a7b8fdfe9d4391cc1610d02ff1a4c91a5
artifact/data/corpus/subjects/piptools_kiwicom_konfetti_f80d175/docs-requirements.in,7,26704aa7a9fb7bd1e074c0b514d45d006caf987ee480bdfd869a3a3485fdf992
artifact/data/corpus/subjects/piptools_kiwicom_konfetti_f80d175/docs-requirements.txt,1099,24de142ac1212c17b0379944c2d6a6fdfc1724587d9768304ddd396d65835f94
artifact/data/corpus/subjects/piptools_kiwicom_request_session_3a48443/LICENSE,1071,c7e8f07a130da331d88c03aa9c20ae3ccd5cf26df2df8630a983507d490ef059
artifact/data/corpus/subjects/piptools_kiwicom_request_session_3a48443/PROVENANCE.md,366,77419501bbe6b383f2fb06b9fa0763dccc827dc1103ffb8af12c2a62d694e116
artifact/data/corpus/subjects/piptools_kiwicom_request_session_3a48443/acquisition.json,767,ab4051357fbcd8736126332c974b06c5adecd5693deae94f10528f74f2998e88
artifact/data/corpus/subjects/piptools_kiwicom_request_session_3a48443/docs/docs-requirements.in,24,241963d24aacc5cb5e599a57004282a1bcea1bea6258f01f8f7fc1c78ea2f7e7
artifact/data/corpus/subjects/piptools_kiwicom_request_session_3a48443/docs/docs-requirements.txt,1245,92ebc6c35fa523f4d7a8a62318e7913c4366a62f016dc6b4bbcd3bc5923ac2db
artifact/data/corpus/subjects/piptools_marcopaz_is_service_up_9df5ebb/LICENSE_EVIDENCE.txt,199,4ef9aefe3e0307c1f5858124d7f5e7c7fb8b51f99179953d2668b4c93a02f8af
artifact/data/corpus/subjects/piptools_marcopaz_is_service_up_9df5ebb/PROVENANCE.md,379,28650c6d68a5292188c3225ebebe100e1368305f384f9ac429af6388bb1ff4c1
artifact/data/corpus/subjects/piptools_marcopaz_is_service_up_9df5ebb/acquisition.json,792,c0348c6da423316abe1b902837aa026e038b3d754dd652fa41e17f89038bd5a8
artifact/data/corpus/subjects/piptools_marcopaz_is_service_up_9df5ebb/requirements.in,110,abb7c923339ee2da3416ce9f7623e1b18a570e59cd9623e6022c643433a59fc3
artifact/data/corpus/subjects/piptools_marcopaz_is_service_up_9df5ebb/requirements.txt,931,f27546845a9c27d78532a383c5dc74deb8d6b7af02b9976aa91de9a15ebff3fd
artifact/data/corpus/subjects/piptools_miserlou_zappa_5a11c17/LICENSE,1077,187fc0ea80830e56b62c01f6f85a4cece81ab713a0b65e4e54fad4b44255a393
artifact/data/corpus/subjects/piptools_miserlou_zappa_5a11c17/PROVENANCE.md,337,219c5eaccceb29119cf6db6ac4684f75054e6646503c6529d7ecc05869272497
artifact/data/corpus/subjects/piptools_miserlou_zappa_5a11c17/acquisition.json,729,db1fe13d3b2fb73ad018235fe44126108146629cf3b573c1f3521378e3358d7b
artifact/data/corpus/subjects/piptools_miserlou_zappa_5a11c17/requirements.in,305,c474c05db3b16a9243a35e8df511082317f41c3cdf4c55e01438c23f4968eee6
artifact/data/corpus/subjects/piptools_miserlou_zappa_5a11c17/requirements.txt,1949,9179ff6a913e52af50b5a203b5fb0a05646064bfcf25206c6c322687b22f13db
artifact/data/corpus/subjects/piptools_netflix_diffy_web_1d8c109/LICENSE_EVIDENCE.txt,292,5fd23a061ca8bafdca575d01cbc66753de946ac03c0513ab13fa1edad72c43a0
artifact/data/corpus/subjects/piptools_netflix_diffy_web_1d8c109/PROVENANCE.md,369,6d0d1c1ab855321f816e040e35ad6aa82fea44924bff106a344d303e710c0f6e
artifact/data/corpus/subjects/piptools_netflix_diffy_web_1d8c109/acquisition.json,777,1519d1d920a080a0643527b14715123fd5181c822f9eac51adaf05b7fbb3b8bf
artifact/data/corpus/subjects/piptools_netflix_diffy_web_1d8c109/web-requirements.in,83,4e0cb78076e2a329c22d66f1429b77e6c559dfe6252c7724ce9145a3cd47e24e
artifact/data/corpus/subjects/piptools_netflix_diffy_web_1d8c109/web-requirements.txt,1238,db863fbf34c7711fbc75edcd3939b3ab1342cebcce27fab0c2e2df49a7d1beb0
artifact/data/corpus/subjects/piptools_python_pyperformance_1d3e217/COPYING,1040,6eb6aa6a2f338578b10f3bd929857690ad257284dfcd21c9d5e279d0b30b102b
artifact/data/corpus/subjects/piptools_python_pyperformance_1d3e217/PROVENANCE.md,343,5b7d8cf23a1795f3a76e8a62a6508a2fcfc3faf289473de8f30db83f8ba9d345
artifact/data/corpus/subjects/piptools_python_pyperformance_1d3e217/acquisition.json,741,a34e38e29452a0b5a6c45340606a7bddc1c5a7575fca58ae8124fc5131c63758
artifact/data/corpus/subjects/piptools_python_pyperformance_1d3e217/requirements.in,624,b2b27dda59f8e58093709a666404dffdc389b47ab33a83026c4e6ea236417f56
artifact/data/corpus/subjects/piptools_python_pyperformance_1d3e217/requirements.txt,341,fb43a1cb68cefff05858b14ffe22fa403226f1dee7900a648eb3d51370b1587a
artifact/data/corpus/subjects/piptools_rmax_scrapy_inline_requests_2cbbb66/LICENSE,1067,891b6bcd1f837c4b4fa5a78a944c6b0f2e81168a12630246563f2addd84ef7a0
artifact/data/corpus/subjects/piptools_rmax_scrapy_inline_requests_2cbbb66/PROVENANCE.md,358,9247f8d73fab6e09171059b7501265c9d10629a789a01f6fb81947237cdeaf67
artifact/data/corpus/subjects/piptools_rmax_scrapy_inline_requests_2cbbb66/acquisition.json,763,fae0908a47914368c83bd1a75d6040845354c104613f87cd11708440f330b34a
artifact/data/corpus/subjects/piptools_rmax_scrapy_inline_requests_2cbbb66/dev-requirements.in,268,c2dadceae5573e30c1426e436907042c041260f3950901651b03c7bf1916ea95
artifact/data/corpus/subjects/piptools_rmax_scrapy_inline_requests_2cbbb66/dev-requirements.txt,1476,0798580792aa2144b60429ac215333487171c0c2e7792bcb2e5fb6261e38dc13
artifact/data/corpus/subjects/piptools_royreznik_plz_970a78d/LICENSE_EVIDENCE.txt,1067,434260aa1b58f42f9d20445cc9aebe8636885e09c1e92a9c49cbfb0478d506e5
artifact/data/corpus/subjects/piptools_royreznik_plz_970a78d/PROVENANCE.md,343,d7a9a50a25663438e4c32e8765912d7d13f47756c79e9ce2a35dd5f72dc3f200
artifact/data/corpus/subjects/piptools_royreznik_plz_970a78d/acquisition.json,747,46d5533a91a1f3414cf0f29615e3fc5bcbfef04a966f6fa657afac2845a45c3f
artifact/data/corpus/subjects/piptools_royreznik_plz_970a78d/requirements.in,27,9b6f9c69265323a0ec83ffc68b6b08904206f561d330ef188d517e7fc1095347
artifact/data/corpus/subjects/piptools_royreznik_plz_970a78d/requirements.txt,711,dde29cf4ff7e0300f5e53247b4536f526a57aec592cad66666b16b92b46ea05b
artifact/data/corpus/subjects/piptools_salaah01_django_form_creator_d020ff1/LICENSE_EVIDENCE.txt,1068,873a896d22776b8617662e430ddf493bd927d0b2b93c2f81a5a1eecad12d2ff3
artifact/data/corpus/subjects/piptools_salaah01_django_form_creator_d020ff1/PROVENANCE.md,358,3e4224f4b20c71e052755b4e0426d13fd89a85c5976fe1fe329e1d1b3db00659
artifact/data/corpus/subjects/piptools_salaah01_django_form_creator_d020ff1/acquisition.json,777,cacc991bb9ea14be4e9acd0c4debf1a83cd88e976785a191a31d8986a23b6ff5
artifact/data/corpus/subjects/piptools_salaah01_django_form_creator_d020ff1/requirements.in,165,8864de8b5187da4595544e6b8c0ff75305989ea84ab4c9bdc9ba5c1ef93ce934
artifact/data/corpus/subjects/piptools_salaah01_django_form_creator_d020ff1/requirements.txt,1510,3ebf2ba0db56e6f8af8fbb6a074a9f6e130bb3e17d9e5925d4bb8604bdbe07cd
artifact/data/corpus/subjects/piptools_tesselo_pxapi_4f626f1/LICENSE,1064,1f25402ae15835856be7ee3593ba5b51bc75af5fbf3c6889daf358a1678db72f
artifact/data/corpus/subjects/piptools_tesselo_pxapi_4f626f1/PROVENANCE.md,344,791ca87edae7dd8e497598563daa83644ea56578eb4f386bb54867a3f8c4b1c0
artifact/data/corpus/subjects/piptools_tesselo_pxapi_4f626f1/acquisition.json,735,86ab26b8e756162d2ae120bdcc53b0ff62de03bb202fdab85e4bd385c2112439
artifact/data/corpus/subjects/piptools_tesselo_pxapi_4f626f1/dev_requirements.in,68,030b177f83f704e2d50d654259c4ebcd9fca7fd0825f21b1106128ecb26f6ffc
artifact/data/corpus/subjects/piptools_tesselo_pxapi_4f626f1/dev_requirements.txt,2158,663267736e61eb4f353654a705105d14f621dc79998bfa7a0ed54269d7c6946e
artifact/data/corpus/subjects/piptools_tong89_smartnode_3d8db92/LICENSE_EVIDENCE.txt,171,7679077128847aa2d018b3c2c3f40c3a705e3db6b97bb81a19cb5cd85c855285
artifact/data/corpus/subjects/piptools_tong89_smartnode_3d8db92/PROVENANCE.md,355,ca82003e855909ab8f6c5f138e5a7f8d14c704e4d60eb14fcd3976756ee7eae7
artifact/data/corpus/subjects/piptools_tong89_smartnode_3d8db92/acquisition.json,762,20acedeaa4cd3e077841427de3ec0f2fbd42dba4278e9f54d1f3699b1ac48926
artifact/data/corpus/subjects/piptools_tong89_smartnode_3d8db92/requirements.in,687,628d03053fa1fed32b390a28665dc94fee58bb2a68e14fea32a0566a531fc887
artifact/data/corpus/subjects/piptools_tong89_smartnode_3d8db92/requirements.txt,2193,51493f543a13cf1cd665c35466b51f7a81173a9c3638be1be09612afb59083fb
artifact/data/corpus/subjects/poetry_chainflip_uniswapv3_python_ecacf7b/LICENSE,1073,d9b9bdb8569b419dd891bfd269253fb946c08f6fa1b5ce96250992ffae6a0f4d
artifact/data/corpus/subjects/poetry_chainflip_uniswapv3_python_ecacf7b/PROVENANCE.md,371,bfabe04365a34de807fd74369211e919a81edded8e6389d01c2197370ae019cc
artifact/data/corpus/subjects/poetry_chainflip_uniswapv3_python_ecacf7b/acquisition.json,773,b878ceaf0c16cf6fc2ad895baf70fb8b97a1ec38de151c4f8b2fe74673a960d3
artifact/data/corpus/subjects/poetry_chainflip_uniswapv3_python_ecacf7b/poetry.lock,8573,0c0a09180232076beb16f1c47e871e11effeb1bb6fb4c19dbec2ca0ceb62c001
artifact/data/corpus/subjects/poetry_chainflip_uniswapv3_python_ecacf7b/pyproject.toml,324,a11995e767af0e9f35bef584419fa22f25cb0846c4e1d32252f056f66b630509
artifact/data/corpus/subjects/poetry_cloud_carbon_footprint_ccf_coefficients_b0032d9/LICENSE,11357,c71d239df91726fc519c6eb72d318ec65820627232b2f796219e87dcf35d0ab4
artifact/data/corpus/subjects/poetry_cloud_carbon_footprint_ccf_coefficients_b0032d9/PROVENANCE.md,364,1b57c3489bc144f205cba218a6a1edae630e425ce79ea94d99f09a6987712fcb
artifact/data/corpus/subjects/poetry_cloud_carbon_footprint_ccf_coefficients_b0032d9/acquisition.json,779,1ad7f7d6fbe67dbe3541afef09dd4b508802f8c1220f2eb0ab8ea128fb89ead0
artifact/data/corpus/subjects/poetry_cloud_carbon_footprint_ccf_coefficients_b0032d9/poetry.lock,45831,23f18536713ab9b086bb5ba6fa1f91853a8c0b44460e5ade1a5f8f85efdd88e4
artifact/data/corpus/subjects/poetry_cloud_carbon_footprint_ccf_coefficients_b0032d9/pyproject.toml,445,448d213d5259b07365135fab90c3cbd2a03d2e8273a10e0232ce07ce07a779f4
artifact/data/corpus/subjects/poetry_hyperdxio_hyperdx_py_05c52ff/LICENSE,11357,c71d239df91726fc519c6eb72d318ec65820627232b2f796219e87dcf35d0ab4
artifact/data/corpus/subjects/poetry_hyperdxio_hyperdx_py_05c52ff/PROVENANCE.md,345,5a56fa41d4f6ae933550d0e224a37106356164f8d34b67c66c505a0eff8b27d8
artifact/data/corpus/subjects/poetry_hyperdxio_hyperdx_py_05c52ff/acquisition.json,741,7625f6e1f05a8991422cb4726c225fb27fb4767c9e4cf5aefa6a10a565e38172
artifact/data/corpus/subjects/poetry_hyperdxio_hyperdx_py_05c52ff/poetry.lock,79672,2ddf4c696dbe0b5086118aaa6c899db1e78a2e0fa885bfe1b24ec7d8834d9d5b
artifact/data/corpus/subjects/poetry_hyperdxio_hyperdx_py_05c52ff/pyproject.toml,835,c0a340d5cd6e53566e726137281a2e381da5424020f0109c14e26c8ae126b51e
artifact/data/corpus/subjects/poetry_interledger_open_payments_python_sdk_7428278/LICENSE,11356,43070e2d4e532684de521b885f385d0841030efa2b1a20bafb76133a5e1379c1
artifact/data/corpus/subjects/poetry_interledger_open_payments_python_sdk_7428278/PROVENANCE.md,361,b79c17f75531bf1d8112b686ed853a632d204805d85a0b88f01bfde5d3a252c0
artifact/data/corpus/subjects/poetry_interledger_open_payments_python_sdk_7428278/acquisition.json,773,569adfcc8c5e3e2e7c96f8b3a7c83dd26a2f2a2b4b8c9f133610cc560bda673c
artifact/data/corpus/subjects/poetry_interledger_open_payments_python_sdk_7428278/poetry.lock,89772,e1b4b5863356258fb9c322a8fe6cb442a95882a89df130661a940148ac14dad6
artifact/data/corpus/subjects/poetry_interledger_open_payments_python_sdk_7428278/pyproject.toml,854,8b371bd787df3cc65149ab921d63cdfa2990c0e08c898274b9a8d834b1db4b3c
artifact/data/corpus/subjects/poetry_mobilityhouse_ocpp_d6b003d/LICENSE,1075,745f1f8b5830ee014fac781daa96b72caa260a44b46c61af1b26dc820ca9db4e
artifact/data/corpus/subjects/poetry_mobilityhouse_ocpp_d6b003d/PROVENANCE.md,336,1963ab1d3294f1685318e3a319ca72446a5261f6b9311b58b2d0e04c212d358a
artifact/data/corpus/subjects/poetry_mobilityhouse_ocpp_d6b003d/acquisition.json,730,b7894dd6da148c4b31b8302455784d9e911b843028440e6df2b3b456585eef9b
artifact/data/corpus/subjects/poetry_mobilityhouse_ocpp_d6b003d/poetry.lock,85378,bc6c4a8774891395694fccc03fa7c900deb42a2fb7903d1f7820627c29f2af4a
artifact/data/corpus/subjects/poetry_mobilityhouse_ocpp_d6b003d/pyproject.toml,1779,acf797df945f99a6bb083fd607affaf7cd83fafa3d6ddc672bbc0a7dcb7bea25
artifact/data/corpus/subjects/poetry_openstates_openstates_org_82d7667/LICENSE,1080,9f902735b52e08dcd9eae02b6316d483e6e3dbf4c11d14624ed66a844f87ad80
artifact/data/corpus/subjects/poetry_openstates_openstates_org_82d7667/PROVENANCE.md,343,99722fb1afb3b228fbb7c0726fb2b1eb936d0e449524216b81fb3ee75dafb90b
artifact/data/corpus/subjects/poetry_openstates_openstates_org_82d7667/acquisition.json,744,dc5675a7f4fb8076f37df3731e8de2a34cef1b72bfa496f56c3337743824b2f9
artifact/data/corpus/subjects/poetry_openstates_openstates_org_82d7667/poetry.lock,179356,b11791d10a52440b1c97e0bda324f18b66e5aa4696dffbcf5ea7c6a0bb50598d
artifact/data/corpus/subjects/poetry_openstates_openstates_org_82d7667/pyproject.toml,981,3821d48391445bc75a5cebd7f9cd5f3906ae62159ffc8e410b835e8f37b2fe9b
artifact/data/corpus/subjects/poetry_py_mine_pyminenet_4238418/LICENSE,7642,1e950a32358912876fcd3ea0bdd975c9ea8a7822eddc3cda662817c3abe99b1c
artifact/data/corpus/subjects/poetry_py_mine_pyminenet_4238418/PROVENANCE.md,373,b3691e276c9fb7f3a2034e0ef6e59301d4b5e2fe66c33a14f3fffc91945be227
artifact/data/corpus/subjects/poetry_py_mine_pyminenet_4238418/acquisition.json,766,c61019f9279c1bc2b6c476598adc5f5174f5d7c02a2fbd59acd06ad053fa6ad7
artifact/data/corpus/subjects/poetry_py_mine_pyminenet_4238418/poetry.lock,36407,9c0fd42708426445d0d407aa34166fc345b4e0f42dffff15d96a4548fe330339
artifact/data/corpus/subjects/poetry_py_mine_pyminenet_4238418/pyproject.toml,868,b7883a7eb8808725d6fc85f8f0707a21b0604c05ebe00779a6e24841130b7ac7
artifact/data/corpus/subjects/poetry_pycap_b1cf4ae/LICENSE,1088,d3f15fb9a9306ea13a698b5a56138769454185800390a94d12280045e8ec0821
artifact/data/corpus/subjects/poetry_pycap_b1cf4ae/PROVENANCE.md,352,9d1f69b981d4c939e2e469f5e80f8441a7626d74fd3f57f57ee7b19c494086bb
artifact/data/corpus/subjects/poetry_pycap_b1cf4ae/acquisition.json,733,85d4029901921a64d86cce87644fd55c73dc7f8be88d16731bd18383cc9ad129
artifact/data/corpus/subjects/poetry_pycap_b1cf4ae/poetry.lock,112429,5ae1df7edcd129cfafad63e6bbfd1156a011838aaf5e866882beaea3e1a76b0b
artifact/data/corpus/subjects/poetry_pycap_b1cf4ae/pyproject.toml,1531,e2c2b8c1edbc38553eebc9367dbf040c76a4d722e51b40ca84c6c5861e016717
artifact/data/corpus/subjects/poetry_pygem_community_pygem_d9f4768/LICENSE.txt,1069,63e4811e7b8ce5dc11984fd640aa954617114a116d2f19381d84d0f105c22c73
artifact/data/corpus/subjects/poetry_pygem_community_pygem_d9f4768/PROVENANCE.md,343,2aa81f1fb8320ac299f6ba0f07f55bd5e9459892c5e3b1f7aa5e53828669a05b
artifact/data/corpus/subjects/poetry_pygem_community_pygem_d9f4768/acquisition.json,744,6d8c263479cb3978304d3e20b023689537b324f58879e728454452a2a87158c0
artifact/data/corpus/subjects/poetry_pygem_community_pygem_d9f4768/poetry.lock,356760,516049804135aca1e6c4eb55b553716ded1e5f1c90a2bb366a00c70f3fa74fe0
artifact/data/corpus/subjects/poetry_pygem_community_pygem_d9f4768/pyproject.toml,3186,e916b03fd562e21e2d50ce53c01f67e6c14bd8ce89d9e5e5e8ab2c53967d6f24
artifact/data/corpus/subjects/poetry_python_poetry_cf54a1c/LICENSE,1070,1786f071a510648a24695f295117f02bae0bbf0fb7c6730aafe9c93a3e4bf7ee
artifact/data/corpus/subjects/poetry_python_poetry_cf54a1c/PROVENANCE.md,349,a293a7cb2c108ebd2f816d8a23e93d59bc29e6d6fa3f283ab024110342b6c281
artifact/data/corpus/subjects/poetry_python_poetry_cf54a1c/acquisition.json,738,82faac85f532d841e6129083208c02850b7e8c91ccf30cfa2c3946b96da7a763
artifact/data/corpus/subjects/poetry_python_poetry_cf54a1c/poetry.lock,200974,ac31c1ccd65066072199bc2048e729efa0c16143f62d55a0c06bacbae0cfa21e
artifact/data/corpus/subjects/poetry_python_poetry_cf54a1c/pyproject.toml,5683,ecfe5cfd1c9d61eb8317132e47476737104b3268f9e66cc8b8274b1913ae9dd1
artifact/data/corpus/subjects/uv_astral_sh_uv_3cdf50e/LICENSE,1077,860e3d7a86b84e6a7012c7a635fc64df475cebc6cce34dfeb73a5982ec58176c
artifact/data/corpus/subjects/uv_astral_sh_uv_3cdf50e/PROVENANCE.md,363,addf123929cbb8199d431eeba401d20182236604e235da16ec8624eb847e6238
artifact/data/corpus/subjects/uv_astral_sh_uv_3cdf50e/acquisition.json,747,c6b180a817cda3d664daaf9f1cf7739b8ddc193e414c3acbee6eb943a86d7ab5
artifact/data/corpus/subjects/uv_astral_sh_uv_3cdf50e/pyproject.toml,4107,b6aad18069386eb5188044a6c9ee9482a2d48ff85b23593a92d99068175aa492
artifact/data/corpus/subjects/uv_astral_sh_uv_3cdf50e/uv.lock,297894,304ad88e56bfb6a3a9df28585e3652826a561dfde96b3f4eaee2a8192e7adfea
artifact/data/corpus/subjects/uv_fasttrackpy_01d3fdf/LICENSE,1072,df8c1d4a0129215a76ede52369cc63c7da09cfe0d0408845b9a44558b8b8a1e0
artifact/data/corpus/subjects/uv_fasttrackpy_01d3fdf/PROVENANCE.md,353,37d62617e21dbbcc70795ecf76f5266fa1c610a9c26f17cd57b43b4c82e985c0
artifact/data/corpus/subjects/uv_fasttrackpy_01d3fdf/acquisition.json,736,a25c691837a6cbe66a86a7210642ba9b2b32b66763b82295152ee7542cf50d03
artifact/data/corpus/subjects/uv_fasttrackpy_01d3fdf/pyproject.toml,1603,f5ed43d9386c97d1b6b6a7a4d127c95b73b3f229fe19f8cae9e69baa0bcba12a
artifact/data/corpus/subjects/uv_fasttrackpy_01d3fdf/uv.lock,592281,f82b2c32bca4bf801a74f87bfaa08fc774d2cb487ccc515b00f3b5eea1c66b54
artifact/data/corpus/subjects/uv_openai_chatkit_python_dacc133/LICENSE,11356,43070e2d4e532684de521b885f385d0841030efa2b1a20bafb76133a5e1379c1
artifact/data/corpus/subjects/uv_openai_chatkit_python_dacc133/PROVENANCE.md,354,0cf3fff54ac861755435406aa418cb6ab7abee67870c5f8dc610a293226e4e05
artifact/data/corpus/subjects/uv_openai_chatkit_python_dacc133/acquisition.json,747,32a97a6e9ccca2554d7f8559cf80c8190fd3c13f878f48d292cc92a383e3fc77
artifact/data/corpus/subjects/uv_openai_chatkit_python_dacc133/pyproject.toml,3597,218ef06a54ac279a0879c4670673bcd429ed57bb5d783b54ce723bbe70903ebb
artifact/data/corpus/subjects/uv_openai_chatkit_python_dacc133/uv.lock,399202,3f37dc83c4f170be8c67df51b24e99a9784b5d6a2955c1579c554337effb67ef
artifact/data/corpus/subjects/uv_pyprojectx_pyprojectx_e615df9/LICENSE,1071,15158160284aeab4802c9e6670eef5de78a0d9d10b2cebf63a2ea1349426bac3
artifact/data/corpus/subjects/uv_pyprojectx_pyprojectx_e615df9/PROVENANCE.md,331,7e12864749fe423920bd9ae84a1210f37181ff0256e296ec681c480b2f202de0
artifact/data/corpus/subjects/uv_pyprojectx_pyprojectx_e615df9/acquisition.json,724,6d2eeabdacdfec2172e22407cc197ab7b6df526cdcadbb295f5fbc3777f201d4
artifact/data/corpus/subjects/uv_pyprojectx_pyprojectx_e615df9/pyproject.toml,2620,8b1aefbc6bd8e5c4876ab942852244bbc10d99ab2d6bf1616b17b063b2d3781f
artifact/data/corpus/subjects/uv_pyprojectx_pyprojectx_e615df9/uv.lock,35005,58098ab82af12aaa9f016a907df0910446b89dffb2f7ba96c37ea0a7bbc56f9e
artifact/data/corpus/subjects/uv_simple_login_documentation_885f248/LICENSE.md,1053,5f12a5ce5a1f306f7b3b21caac50a68cc08ff46d7b2a04cf708d9e67f9b27cfc
artifact/data/corpus/subjects/uv_simple_login_documentation_885f248/PROVENANCE.md,353,b88b5cd6c1688da5456b9544fd39898a11df8f14494a73fb3d50d4e217c940e0
artifact/data/corpus/subjects/uv_simple_login_documentation_885f248/acquisition.json,754,0309abe241d1a6418efa00107ec70fc394d295077eec46f9988ed28a01abbef5
artifact/data/corpus/subjects/uv_simple_login_documentation_885f248/pyproject.toml,184,c5b3d4f8adf5ec7ae2bcc1b6fa27ef3d73b787d4e02cff28a963e859131467b3
artifact/data/corpus/subjects/uv_simple_login_documentation_885f248/uv.lock,45004,dae3da2410c65d5c2e19ce55d0e09b24bfed155b31a8383fd482ee5f16b0850b
artifact/data/corpus/subjects/uv_universal_mcp_github_5a54476/LICENSE,1063,3707836553ec941019173960072175e7c6fce464747f9fed2d082ad4d4b8f13a
artifact/data/corpus/subjects/uv_universal_mcp_github_5a54476/PROVENANCE.md,346,9fc919e6bb45d42f6d3f31cc8fe62d056788ffffc48430a83d1d80f67ff8ccb9
artifact/data/corpus/subjects/uv_universal_mcp_github_5a54476/acquisition.json,738,a5f3e1e5ed9ee506efdbe873a4f0f51fd75995b5ed5214fe9a2813936d684770
artifact/data/corpus/subjects/uv_universal_mcp_github_5a54476/pyproject.toml,1550,f96dd2882e47a4b5351abff860bf5d9cb78ab2efd8a92d2dec1d0e6fa4d487f9
artifact/data/corpus/subjects/uv_universal_mcp_github_5a54476/uv.lock,376584,26bd05d77da083fd6c0b509942a5a2da5cf20fb4860eea9d1b7068af6da46b92
artifact/evidence/adversarial_vectors.csv,26365,c438d6f88c03169aaa3bc25325c3590c96b8451ab12d0c425f89e54af91adf78
artifact/evidence/baseline_contract_summary.json,1767,b37a5c7e54d9721e52129fc9603c39517ec2ff9992b8a45c0f1d1c5532cc929f
artifact/evidence/benchmark_scope_contract_summary.json,520,7224e9a49156c9470bb5c1b44d173ef97f5fceda2c4b86cfc1fea5c29b3a2197
artifact/evidence/certificate_truth_table.csv,190256,f0aa681511fc0c785c8b22b5b38e053c90ea2506d8da8c48fcb49c06044b9517
artifact/evidence/claim_scope_summary.json,395,3ad711eca2628dc9ddac33a4370339cb7d9d623ce9ef285c4d46a797f93c996c
artifact/evidence/command_surface_summary.json,2940,2a591b156787ef045e5f31443d86e679f143d09fb9230e26e27d2ed04dce318a
artifact/evidence/consumer_baseline_matrix.csv,218257,444bf23d980b9253795c6cead0d9e4d3ed006178629f0174eb2505392b4e05e2
artifact/evidence/consumer_baseline_summary.csv,2799,172ec7f5d04b8adc870efdb3eae2628fc7258ade36051e05b7c7bdb940b68b20
artifact/evidence/controlled_outcomes.csv,152,21d5ccb6245ba1b8f16838ec61cec29ce166810142347e984ea82d398b48dbb5
artifact/evidence/corpus_capsule_audit.csv,11421,04a96c60c545728cf0bbeed65dfb7fad93c15523a39242184ccd831137588fe4
artifact/evidence/corpus_diversity_summary.json,621,334b56307fface2cd3153fbc3dd4addd07e4a82d501b0ecf41abcf2e4e27fa27
artifact/evidence/executable_mutations.csv,31289,ae07c9061031b88cdb6e1c27523d0f4b718765ef8a2cbb877800af8094732ccd
artifact/evidence/external_disagreement_analysis.md,4103,1ac90b4eef04fd1df3f42edda6e844f102c58192fecbd27aae22975ecd15141b
artifact/evidence/external_validation_results.csv,7170,7d6db2cc9471025200e3ed4d5aa55993e618d16ba4f0e1e8e971834492145fc8
artifact/evidence/external_validation_summary.json,671,e7911fe2b25898708d25be5fec8dd127794c7a1270784b2e49063af6a5afd5f0
artifact/evidence/file_removals.csv,24186,aefd8cc08fa8ee9eed2bdeef7422f743bb1d1539252c93f275fb143b826a9091
artifact/evidence/formatting_cases.csv,4203,26d759775491cfba7e256680b6c9f9a59d1af173ef80dbacdc778cf3c3d5761d
artifact/evidence/independent_parser_audit.csv,2780,720eac4b9c7995b4193d99d43d2706d617b5ab7cc420749d67d6ff7c41e5e56e
artifact/evidence/known_limitations.md,986,e242a3e3b78cb120ebcb625ae9207d66503d8ddd4987c9b55d80dbdbf6a5e4bd
artifact/evidence/manager_profile_summary.csv,150,aa9e21d138c106e284256c3873c6efc757e75722d5cf9486d79f36e3e60bc354
artifact/evidence/metamorphic_cases.csv,36863,05d729d18b504e0b70c007be733378b3798d841c0ccbb63530be998b4deb9f58
artifact/evidence/missing_obligations.csv,254,f5de3d9d430ea6e697a5fb16c121846f4311346c3dcdc7c2a54779f0c8f4fcf5
artifact/evidence/negative_control_provenance.md,956,4253ee844f21012ee665d4db454281e22b33830d2b87589343625d6fd959e36c
artifact/evidence/negative_control_summary.json,1101,f1395e4b5fc61ebd23b963401c2ed4a66e40268a0f3154f4a9b18e9f9b85cab6
artifact/evidence/overfitting_sentinel_summary.json,709,cd3317d321be8097de05c92ff32c0a671cfa175c0241ee34d580de81f7468b9e
artifact/evidence/package_records.csv,165111,bd44dbb813ffc8f9665b71c8b9f6ff9208a54f4d5cab440b207c07c10ef756d0
artifact/evidence/paper_audit_summary.json,419,d8e29a235030e154d1cbedc58046d698b1fed8e729f36076733912cd5a714190
artifact/evidence/profile_outcomes.csv,10610,b065e5d3c9dab6723c9547b2ffab7422912e1d43aa59b2358ee187bf26683e3e
artifact/evidence/projection_disagreement.csv,84831,f70ff88916baf9998f1681b7e30930dc9a8502a8d038dcfde9ad6722e4a8825a
artifact/evidence/projection_separation_witnesses.csv,8934,75a3b88472f017ee97264c72934ac27755dfa92b317aa53b9787863f864d7964
artifact/evidence/projection_summary.csv,347,4ddb7af37bedd567fc9ed2687bdb3cf1fe9632ddc0c8dfbcdca9206ceb9282cf
artifact/evidence/proof_obligations.json,262,b01d7e2245f0915cc7137313adc43e09b01c5a85e59de5d8b1b27f1c30e3bc31
artifact/evidence/repository_audit_summary.json,401,53ed5e3af7a3bb95aaf624b77f59b31a064cadcb42e404b0d6183f238c8f2ccd
artifact/evidence/semantic_spotcheck_records.csv,7369,c3977249e09ececf37b3f071b53e66275ae63b7d2f12becffbdadb9f961b10f1
artifact/evidence/study_summary.json,1125,0e7e652e3b71f07d1c0c4e417e11c0dbd610a84a1d8c5e4f86ec82de0a989f33
artifact/evidence/under_admission_analysis.csv,2651,4a635de2651b94abcf347095c50a51d4da02e8e7bc5ea0070b5485ed573108fe
artifact/evidence/under_admission_summary.json,321,72ff1aa68f5352457c6d705eb50329ec4c93aac547ef3cc7042872d71fabae90
artifact/evidence/unit_test_summary.json,91,009b35a1a1174893cef2d3897d51e20032b1e9aea190a235d2e58b5c17f34818
artifact/evidence/validation_closure_summary.json,944,6ee00fc26342f6727cd00f973cb3bb4872f2989df9e088b779cb9c5677002f78
artifact/pylockglyph/__init__.py,274,703d56d6a3612b7768ef4450a86ac750886ccf03d15ee1f00cd695bab5d3fd40
artifact/pylockglyph/audit.py,25403,df60a4359ef08d9c76060533ff8db65227311fcfe42a39db643823f3d416444a
artifact/pylockglyph/certificate.py,1168,609b6455c8c7fbd558d261b15db674214e882ef3f5b2fd1ba5f7a6e328e9f9c8
artifact/pylockglyph/compat_toml.py,351,239752b5bfd22374f1ddf2982ed0daac0dc717cdc1135d671e0b5664b8034fd6
artifact/pylockglyph/controls.py,16948,8a0c7d84d2e109c8908ce6a2f2a1653afd0c7e826c9a5aa9516bcd847878a790
artifact/pylockglyph/corpus.py,3592,94558e3020b7c472a33773d83caf478a428095f9e5b97e58a50fbaf74547add8
artifact/pylockglyph/io.py,1380,e7fa4a6c568bbb843e493accef3786a80473aeee671d6ec66ed081a94777e815
artifact/pylockglyph/model.py,4045,a5f3a0601d303750ced52c46e1b8e2b9b04dd69bb80f64e2ddf03dc35b184394
artifact/pylockglyph/parsers.py,15851,907d658d5e64214783ceb92cc6470b3ddc4622021667deba89cc72fba894d4c0
artifact/pylockglyph/projections.py,2101,47533b17f9e9ae0e97041d6311905a556e366cc3a5d87d0b26eb4b4bea009d65
artifact/pylockglyph/quality.py,21985,55c1a53dcfc7c9524315440b7cfd85df74241faff0e22f63a9d3bd0247146660
artifact/pylockglyph/scope.py,5608,abb481bfd4acb99645e2baeb2b802e8239b4feec7e7013cde217c582026dcf95
artifact/pylockglyph/secondary.py,10844,3ca2b31b34eea77f78ed1fc491a6171e9bc81af7da57ebc563c4dbb3d4e13238
artifact/pylockglyph/study.py,15753,0a32e4491b5d68fad31e2e45010888d52c0cba853575465330fe4f6d23eb977a
artifact/pylockglyph/surface.py,2164,713f5e72439c68b9c87b8b597c6e7ece97c076b6d8383e8aec2d2e0cb6209a23
artifact/pylockglyph/theory.py,4797,a40fcb277964b1f9d90fdd2b12de00b7de2a4036848bc0afe6bf2a799507c7df
artifact/pylockglyph/toml_writer.py,2900,0244db55d03f09abfb3033f533e50bd9b7b05b1ad8508178bfb03768cab11679
artifact/requirements.txt,39,0f82cab2ddbf4f232a214a6733d7538dd96a5d1c1889045cd97df0a263fd323d
artifact/run_replay.sh,4047,d04cf0de1bec3834f54d93cb673b65105cbe9ffba08020668fb857ec24a903c8
artifact/spec/benchmark_role.json,509,8111606441b308151afdee9f84d43ac212f605ab083d6a1ac1a509df5d101320
artifact/spec/downstream_consumers.json,4330,12ef06c014fbfcc70c20f1085eb8eea9076abf1e13f63076aeebe5b22b82d7e6
artifact/spec/evidence_types.json,685,f5bb024400d9209adeea810dddfecb6333cd6800cc9c29f74b042ab3742f0767
artifact/spec/external_validation_lock.json,21564,469b372f16865828c36f388907c26a63634d03efec7310e65e0e79d29fdb3c6d
artifact/spec/profiles.json,343,46049205d65e776e8d665ed26498989fd59f3b08508297b7124c214952139fed
artifact/tests/test_check_pair.py,1437,bdf353b997df41540ea5d10583d26a4a846e8cdaa1b58f97d8069f566d75d27e
artifact/tests/test_claim_scope.py,1789,4528a7878f7841b2e3dcb35b74eb7d8608bac154d367b3063701a1d080a8b46a
artifact/tests/test_command_surface.py,1149,e857e8d80435ce0a1e321fb9c10edcbeab2118410c62a90ffc91f5b0dadc4267
artifact/tests/test_corpus.py,2339,20054079721f068dd37317f79d43628f27bcb8e62b4e5f69b4931ba880a2a8ba
artifact/tests/test_quality.py,4053,eb1c442d20124455b74aedf9d68f91b603db16ab6d714043aaa76692c78f6a77
artifact/tests/test_semantics.py,4948,b33b133de3df7b6e3fdfa2945e7b99e75ff020966c2bc8d6e8c6b9878c7aa8a8
artifact/tests/test_study.py,2669,9adc5a6b00bfe71375aee25c258e0c6f7ac1a166e151fc538355be3ea7d56736
artifact/tool/analyze_under_admissions.py,5267,6d9e96eb6f9e2f1c05316bd2d284ea32d1e8efe190c92397c541a76fb2bbeaaa
artifact/tool/audit_baseline_contract.py,778,868f61b4bd2180a7b63bbce176bf853c77aae17c98c37fc51dc37e92d6e80bf4
artifact/tool/audit_benchmark_scope_contract.py,811,8b450ed8f8d662a17afdf9ca696fecad0eb3c83230f33dd27d7c1cfcdfd45cb8
artifact/tool/audit_claim_scope.py,813,160954bbc5887608090416c71f4d968ded779d0e9f8804b7cdd4599263ea1031
artifact/tool/audit_command_surface.py,780,d6741e2b549cdc17e79f30677f573862ce7a859a6ac004cd984bb5d9b6e69df5
artifact/tool/audit_corpus_diversity.py,774,c352eeb19a40130871633b4f03a9216f187f69c1cfde59b865c8e9f01345e9ee
artifact/tool/audit_external_validation.py,7975,7a71f234938ef2de76971e2f0d09c73ed2fb0316321e878a13e36e1b7d06a0e9
artifact/tool/audit_negative_controls.py,5813,a64ddc47371a5441c931a75d89b476b98208fc1e8079d857b2a8d41aec49d842
artifact/tool/audit_overfitting_sentinel.py,784,68f28d3d88f06084f923124366c05824f95f0d4aeaf6cfab71b0ee16b9d654be
artifact/tool/audit_paper.py,781,c23bf0db702980a4bd4a6daa65ca31e9245007345d81f76d9d6968d046a9e97e
artifact/tool/audit_repository.py,7809,6689b56d80f6542be7b934c58f62814b5744291b5b4ac7ae1707b2209448b5cf
artifact/tool/audit_validation_closure.py,14710,c727bee8b1f7ab0532515e91423f23a253918bc770669c8428a5374f49aaf323
artifact/tool/build_replay_manifest.py,988,8783e0dc791818c7179083af65bdf807188b660faebbcf90ac0d2f606f7cd683
artifact/tool/check_pair.py,2419,3ba635d6a79dc07b16432cb131f3c681403107e2ad34927392c178dada374196
artifact/tool/paper_data.py,7021,44d5432b8a3d13b5d1095454650ac5a24d83835d30a77a1efc4d5bf4f66e76ad
artifact/tool/run_external_validation.py,11354,70a390ee59d841caa3e5df28a08874694ca39603e60ea7973fafb644cc200dd0
artifact/tool/run_study.py,713,9e630da9dbc053549ea78904bd0c600eceadfc6a2c69350febe4c1c4c311c063
artifact/tool/run_tests.py,1278,e1e0a27f8f7e53b4cae07639107bd4a98c36a9c189134dd19f5255dd9d1c134d
artifact/tool/verify_replay.py,783,55ef1b1f04eda206f16757a56cc52eb5f634fc55c59244ba1cb805de873d1996
paper/IEEEtran.bst,57748,314f0ece704568faf827011bac498650691b2b5ee06320720830e782416d5a5f
paper/IEEEtran.cls,281957,da751920a317ed318b7b5cd7fa585a6cc7d28502d457856382e9be24b10a3bd7
paper/figures/projection_coordinates.tex,104,f48a81a5b652dcd4e2802c93f0826c2513cec7d173abc6380b89e0c3fa6e3e5e
paper/main.pdf,264997,220562821965b6a51d5d8156da3fb210ed946b7c90984adb63eefe54d1ef15ab
paper/main.tex,64520,f8350fe668af8a2959ba99e9e847d70b9eb0ef4cd5950fa32535f05364aa996e
paper/references.bib,18345,738360ebdc34441ebfb590cb7b25a7f5b12e013ba22fa6980142eae4b46edd19
paper/supplement.pdf,139361,a3b73190db780c5f4b07d8c4a8b450680506949caa8763b21058c4352352d1ba
paper/supplement.tex,13629,f479c2ab8702168c200022863b2fea79e10c8d48f0720f545a6f7e7899306c05
paper/tables/consumer_baselines.tex,1159,42ab58e0e64d2ec4238fcacae15dfff1bbb62eb15e8972f9a83de41b9e6f06c3
paper/tables/controls.tex,379,e10db103cc5df526542255b9a3b0c6fa0cdc9f6c7942726ac74ae7e9ccb84b04
paper/tables/macros.tex,391,8aac3f42ccbd8094b3ff6788b5038183307083de0eb526f3c4b41dbd5ad244d7
paper/tables/manager_profiles.tex,266,42a8463cab38ccd8d8a80644f6433c3f4d0eb0f73b84e13d4ecdae34af75941c
paper/tables/missing_obligations.tex,343,97059df177d3a73e0e5597faa734b7daa5f95703e70c1b499fe18f961288a9c2
paper/tables/projections.tex,402,99c28b3e8c5a27ca17039a7956881bc9df828af4c7623d7dce588c90bad7644a
